ID,Company,Last Name,First Name,E-mail Address,Job Title,Business Phone
1,Company A,Bedecs,Anna,,Owner,(123)555-0100
2,Company B,Gratacos Solsona,Antonio,,Owner,(123)555-0100
3,Company C,Axen,Thomas,,Purchasing Representative,(123)555-0100
4,Company D,Lee,Christina,,Purchasing Manager,(123)555-0100
5,Company E,O’Donnell,Martin,,Owner,(123)555-0100
6,Company F,Pérez-Olaeta,Francisco,,Purchasing Manager,(123)555-0100
7,Company G,Xie,Ming-Yang,,Owner,(123)555-0100
8,Company H,Andersen,Elizabeth,,Purchasing Representative,(123)555-0100
9,Company I,Mortensen,Sven,,Purchasing Manager,(123)555-0100
10,Company J,Wacker,Roland,,Purchasing Manager,(123)555-0100
11,Company K,Krschne,Peter,,Purchasing Manager,(123)555-0100
12,Company L,Edwards,John,,Purchasing Manager,(123)555-0100
13,Company M,Ludick,Andre,,Purchasing Representative,(123)555-0100
14,Company N,Grilo,Carlos,,Purchasing Representative,(123)555-0100